Unnamed: 0,date,3001410_hrf,9000121_hrf,9000117_hrf,9000079_hrf,3013440_hrf,3013430_hrf,3013420_hrf,3012425_hrf,3007479_hrf,3011430_hrf,3009420_hrf,3009410_hrf,3008460_hrf,3008420_hrf,3007483_hrf,3007477_hrf,3007460_hrf,3007455_hrf,3007450_hrf,3007440_hrf,3007435_hrf,3007430_hrf,3007425_hrf,3005454_hrf,3005450_hrf,3003454_hrf,3003452_hrf,3003420_hrf,3001442_hrf,3007481_hrf,2010434_hrf,3003430_hrf,3003431_hrf,3003450_hrf,3004430_hrf,3004440_hrf,3005430_hrf,3005440_hrf,3007470_hrf,3007475_hrf,3007487_hrf,3008430_hrf,3008440_hrf,3008450_hrf,9000016_hrf,9000017_hrf,9000018_hrf,9000019_hrf,2008430_hrf,8000636_hrf,8000641_hrf,8000642_hrf,8000643_hrf,8000647_hrf,8000648_hrf,8000659_hrf,8000701_hrf,1004410_hrf,1004430_hrf,9000027_hrf,9000029_hrf,8000133_hrf,8000135_hrf,8000226_hrf,8000238_hrf,8000604_hrf,8000605_hrf,8000734_hrf,8000735_hrf,8000757_hrf,8000758_hrf,8000809_hrf,8000821_hrf,8000834_hrf,9000133_hrf,8000314_hrf,8000625_hrf,8000626_hrf,ydd_hrf,ydd_hinfw,ydd_hrel,mjd_hrf,mjd_hinfw,mjd_hrel,3004630_hwl,3002655_hwl,3003620_hwl,3003660_hwl,3003680_hwl
85611,2024-07-07 03:00:00,0.0,0.0,1.0,0.0,0.0,0.0,0.0,0.0,0.0,8.0,0.0,0.0,0.0,0.0,0.0,0.0,0.0,0.0,0.0,0.0,0.0,0.0,0.0,0.0,0.0,0.0,0.0,0.0,0.0,0.0,0.0,0.0,0.0,0.0,0.0,0.0,0.0,0.0,0.0,0.0,0.0,0.0,0.0,0.0,0.0,0.0,0.0,0.0,0.0,1.0,0.5,0.0,0.0,0.0,1.5,1.0,0.0,0.0,0.0,0.0,0.0,1.2,0.0,0.0,0.0,0.0,0.0,0.0,0.0,0.0,0.0,0.0,0.0,0.0,0.0,0.0,0.0,0.0,0.0,27.542,8.706,0.0,0.0,0.0,0.9783887932629732,0.698514459536328,0.5773198914243323,1.1100848092812976,0.4288875093366458
85612,2024-07-07 04:00:00,0.0,0.0,0.0,0.0,0.0,1.0,0.0,0.0,0.0,3.0,0.0,1.0,0.0,0.0,1.0,0.0,0.0,0.0,0.0,0.0,0.0,1.0,1.0,0.0,0.0,0.0,0.0,0.0,0.0,2.0,0.0,0.0,0.0,0.0,0.0,0.0,1.0,0.0,1.0,0.0,0.0,0.0,0.0,1.0,0.0,1.0,0.0,0.0,0.0,0.0,1.0,0.0,0.0,0.0,0.0,0.5,0.0,1.0,2.0,0.0,0.0,0.0,0.0,1.3,0.0,0.0,0.0,0.0,0.0,0.0,0.0,0.0,0.0,0.0,2.0,0.0,2.0,0.5,0.0,18.592,8.696,0.0,0.0,0.0,0.9830106049973476,0.6978141411550132,0.5833943536736177,1.1015828306509636,0.43521754902236354
85613,2024-07-07 05:00:00,0.0,3.0,0.0,3.0,0.0,0.0,0.0,2.0,0.0,9.0,1.0,0.0,1.0,0.0,0.0,0.0,2.0,0.0,0.0,0.0,0.0,0.0,0.0,0.0,0.0,0.0,0.0,0.0,0.0,0.0,0.0,0.0,0.0,0.0,0.0,0.0,0.0,0.0,0.0,1.0,0.0,0.0,0.0,1.0,3.0,4.0,0.0,0.0,0.0,1.0,10.0,1.5,0.0,1.0,1.0,1.0,0.0,1.0,0.0,0.0,0.0,0.8,0.0,0.0,0.0,0.0,0.0,0.0,0.0,0.0,0.0,0.0,1.0,0.0,1.0,0.0,0.0,0.0,0.0,4.886,8.71,0.0,0.0,0.0,0.9880077436561816,0.6972475136736223,0.5899724131583057,1.0925194745748672,0.4406884171138594
85614,2024-07-07 06:00:00,0.0,1.0,2.0,1.0,0.0,0.0,1.0,1.0,4.0,6.0,1.0,3.0,2.0,2.0,3.0,2.0,1.0,4.0,3.0,3.0,4.0,5.0,4.0,0.0,0.0,0.0,0.0,0.0,0.0,4.0,0.0,0.0,0.0,0.0,0.0,0.0,1.0,0.0,2.0,3.0,4.0,6.0,1.0,0.0,1.0,4.0,0.0,3.0,4.0,0.5,5.5,2.5,2.5,0.0,2.5,0.5,0.0,1.0,1.0,0.0,0.0,0.9,0.0,2.7,0.0,1.5,0.0,0.0,0.0,0.0,0.0,0.0,0.0,2.5,4.0,0.0,1.0,6.5,0.0,37.846,8.701,0.0,0.0,0.0,0.9928857659871956,0.696815573466214,0.596482270103885,1.0840670744018914,0.4462392276710252
85615,2024-07-07 07:00:00,0.0,1.0,0.0,0.0,0.0,0.0,0.0,1.0,1.0,8.0,0.0,0.0,1.0,1.0,2.0,1.0,0.0,0.0,0.0,3.0,0.0,0.0,2.0,0.0,0.0,0.0,0.0,0.0,0.0,3.0,0.0,0.0,0.0,0.0,0.0,0.0,0.0,0.0,1.0,0.0,3.0,1.0,0.0,0.0,1.0,2.0,0.0,0.0,3.0,0.0,4.5,0.0,0.0,0.0,1.0,0.0,0.0,2.0,2.0,0.0,0.0,0.3,0.0,2.2,0.0,0.0,0.0,0.0,0.0,0.0,0.0,0.0,0.0,1.0,1.0,0.0,2.0,0.5,0.0,8.277,8.696,0.0,0.0,0.0,0.9975862033986616,0.6964823626786498,0.602922617082033,1.0764164709474189,0.45121061260554485
85616,2024-07-07 08:00:00,0.0,0.0,1.0,0.0,0.0,1.0,0.0,11.0,0.0,3.0,0.0,0.0,5.0,0.0,1.0,0.0,0.0,0.0,0.0,1.0,0.0,3.0,1.0,0.0,0.0,0.0,0.0,0.0,0.0,1.0,0.0,0.0,0.0,0.0,0.0,0.0,0.0,0.0,1.0,0.0,0.0,0.0,0.0,0.0,0.0,3.0,0.0,0.0,0.0,4.0,3.5,0.0,0.0,0.0,0.5,2.5,0.0,1.0,3.0,0.0,0.0,0.1,0.0,1.1,0.0,0.0,0.0,0.2,0.0,0.0,0.0,0.0,0.0,0.0,2.0,0.0,1.5,0.0,0.0,30.298,8.711,0.0,0.0,0.0,1.0021506514595764,0.6962278011595346,0.6094690384865089,1.0694703812432478,0.4558305750083458
85617,2024-07-07 09:00:00,0.0,3.0,7.0,2.0,1.0,0.0,1.0,6.0,10.0,3.0,13.0,0.0,7.0,5.0,8.0,0.0,0.0,1.0,7.0,22.0,1.0,2.0,10.0,0.0,0.0,0.0,0.0,0.0,0.0,19.0,0.0,0.0,0.0,0.0,0.0,0.0,0.0,0.0,4.0,0.0,22.0,17.0,0.0,0.0,0.0,2.0,0.0,2.0,9.0,5.5,2.0,1.5,4.5,0.0,13.0,4.0,0.0,7.0,3.0,0.0,0.0,11.3,0.0,7.1,0.0,1.0,0.0,0.0,0.0,0.0,0.0,0.0,0.0,8.5,2.0,0.0,5.5,1.0,0.0,0.0,8.703,0.0,0.0,0.0,1.006545908910569,0.6960210455070559,0.6162764680843456,1.0631086668155336,0.4601831863304575
85618,2024-07-07 10:00:00,0.0,22.0,16.0,21.0,10.0,9.0,13.0,13.0,10.0,10.0,16.0,14.0,13.0,21.0,13.0,1.0,5.0,1.0,1.0,13.0,13.0,17.0,20.0,0.0,0.0,0.0,7.0,7.0,14.0,6.0,0.0,2.0,6.0,0.0,5.0,1.0,5.0,0.0,12.0,7.0,7.0,30.0,6.0,5.0,0.0,12.0,0.0,24.0,3.0,13.5,10.5,20.0,28.5,2.5,19.0,5.5,7.5,9.0,11.0,7.0,16.0,15.8,0.0,11.7,7.2,13.0,1.0,13.9,0.0,14.5,0.0,0.0,0.0,1.0,11.0,0.0,7.5,1.0,4.838,98.365,8.708,4.5,0.0,0.0,1.0081361855481843,0.7060675574595576,0.6234340693976179,1.060833058130541,0.4380978726556959
85619,2024-07-07 11:00:00,0.0,3.0,3.0,3.0,12.0,7.0,5.0,2.0,17.0,4.0,3.0,6.0,4.0,6.0,11.0,9.0,1.0,7.0,16.0,18.0,8.0,7.0,7.0,2.0,1.0,2.0,1.0,4.0,7.0,16.0,9.0,5.0,3.0,3.0,1.0,2.0,2.0,2.0,10.0,3.0,21.0,3.0,5.0,2.0,5.0,4.0,3.0,6.0,23.0,3.5,4.0,3.5,3.0,1.0,3.5,1.5,2.5,20.0,27.0,3.0,4.0,3.5,0.8,15.6,3.9,1.5,1.5,7.1,2.5,3.0,0.5,0.0,1.5,16.5,11.0,1.0,20.0,12.0,1.6475,82.232,8.695,3.0,0.0,0.0,1.0036055449170798,0.7286423321926527,0.6390285070802744,1.0561813687623611,0.4249911624383104
85620,2024-07-07 12:00:00,4.0,1.0,2.0,2.0,3.0,3.0,2.0,3.0,3.0,2.0,1.0,2.0,2.0,3.0,3.0,1.0,3.0,1.0,1.0,2.0,2.0,3.0,2.0,7.0,5.0,6.0,5.0,5.0,10.0,3.0,5.0,3.0,5.0,7.0,6.0,6.0,2.0,4.0,3.0,2.0,4.0,3.0,2.0,3.0,3.0,3.0,6.0,3.0,2.0,2.5,3.0,2.0,2.0,4.0,2.0,1.5,6.5,3.0,3.0,4.0,13.0,1.9,2.9,2.9,3.5,2.0,3.0,10.3,5.5,12.5,5.0,3.5,3.5,1.5,2.0,7.5,3.0,1.5,5.1404,54.356,8.701,4.5,0.0,0.0,0.9991722675353768,0.7454179768804803,0.6666625199448966,1.0760951958639486,0.4152790718544131
85621,2024-07-07 13:00:00,0.0,0.0,0.0,0.0,0.0,0.0,0.0,0.0,0.0,0.0,0.0,0.0,0.0,0.0,0.0,1.0,1.0,1.0,1.0,0.0,1.0,1.0,1.0,1.0,0.0,0.0,4.0,3.0,0.0,1.0,4.0,1.0,5.0,2.0,3.0,3.0,1.0,1.0,1.0,1.0,1.0,0.0,1.0,1.0,1.0,0.0,1.0,0.0,1.0,0.0,0.5,0.0,0.0,3.0,0.0,0.0,5.0,1.0,1.0,0.0,0.0,0.1,0.5,0.7,0.5,0.0,1.5,0.2,0.5,0.0,0.0,1.0,0.5,1.0,1.0,0.0,1.0,0.5,0.2159,15.112,8.687,7.5,0.0,0.0,0.9975157878781512,0.7498159559055395,0.7070869004610856,1.066290806378107,0.418360076150569
85622,2024-07-07 14:00:00,0.0,0.0,0.0,0.0,0.0,0.0,0.0,1.0,0.0,1.0,0.0,0.0,1.0,0.0,0.0,0.0,0.0,0.0,0.0,0.0,0.0,0.0,0.0,0.0,0.0,0.0,0.0,0.0,0.0,0.0,0.0,0.0,0.0,0.0,0.0,0.0,0.0,0.0,0.0,0.0,0.0,0.0,0.0,0.0,0.0,1.0,0.0,0.0,0.0,0.0,1.5,0.0,0.0,0.0,0.0,0.0,0.0,0.0,0.0,0.0,0.0,0.2,0.0,0.0,0.0,0.0,0.0,0.0,0.0,0.0,0.0,0.0,0.0,0.0,0.0,0.0,0.0,0.0,0.0,48.832,8.698,0.0,0.0,0.0,1.0019929090306068,0.7480587056178756,0.7440639955326702,1.0921369010404445,0.4393595763203655
85623,2024-07-07 15:00:00,0.0,0.0,0.0,0.0,0.0,0.0,0.0,0.0,0.0,0.0,0.0,0.0,0.0,0.0,0.0,0.0,0.0,0.0,0.0,0.0,0.0,0.0,0.0,0.0,0.0,0.0,0.0,0.0,0.0,0.0,0.0,0.0,0.0,0.0,0.0,0.0,0.0,0.0,0.0,0.0,0.0,0.0,0.0,0.0,0.0,0.0,0.0,0.0,0.0,0.0,0.0,0.0,0.0,0.0,0.0,0.0,0.0,0.0,0.0,0.0,0.0,0.0,0.0,0.0,0.0,0.0,0.0,0.0,0.0,0.0,0.0,0.0,0.0,0.0,0.0,0.0,0.0,0.0,0.1359,33.026,8.688,0.5,0.0,0.0,1.007623557182729,0.7464170990032315,0.7713314622304708,1.1062464999931656,0.462587095456674
85624,2024-07-07 16:00:00,0.0,0.0,0.0,0.0,0.0,0.0,0.0,0.0,0.0,0.0,0.0,0.0,0.0,0.0,0.0,0.0,0.0,0.0,0.0,0.0,0.0,0.0,0.0,0.0,0.0,0.0,0.0,0.0,0.0,0.0,0.0,0.0,0.0,0.0,0.0,0.0,0.0,0.0,0.0,0.0,0.0,0.0,0.0,0.0,0.0,0.0,0.0,0.0,0.0,0.0,0.0,0.0,0.0,0.0,0.0,0.5,0.5,0.0,0.0,0.0,0.0,0.0,0.0,0.0,0.0,0.0,0.0,0.0,0.0,0.0,0.0,0.0,0.0,0.0,0.0,0.0,0.0,0.0,0.0,63.971,8.697,0.0,0.0,0.0,1.011352372437586,0.7448071353002295,0.7934021330602903,1.110863420300038,0.48346799189257306
85625,2024-07-07 17:00:00,0.0,0.0,1.0,0.0,0.0,0.0,0.0,0.0,0.0,0.0,0.0,0.0,0.0,0.0,0.0,0.0,0.0,0.0,0.0,0.0,0.0,0.0,0.0,0.0,0.0,0.0,0.0,0.0,0.0,0.0,0.0,0.0,0.0,0.0,0.0,0.0,0.0,0.0,0.0,0.0,0.0,0.0,0.0,0.0,0.0,0.0,0.0,0.0,0.0,0.0,0.0,0.0,0.0,0.0,0.5,0.0,0.0,1.0,0.0,0.0,0.0,0.1,0.0,0.1,0.0,0.0,0.0,0.0,0.0,0.0,0.0,0.0,0.0,0.0,0.0,0.0,2.0,0.0,0.0,41.931,8.69,0.0,0.0,0.0,1.015157127804298,0.7431549221230238,0.8156910924598719,1.1103885726904013,0.49782285528721015
85626,2024-07-07 18:00:00,0.0,0.0,0.0,0.0,0.0,0.0,0.0,0.0,0.0,0.0,0.0,0.0,0.0,0.0,1.0,0.0,0.0,0.0,0.0,1.0,0.0,0.0,0.0,0.0,0.0,0.0,0.0,0.0,0.0,0.0,0.0,0.0,0.0,0.0,0.0,0.0,0.0,0.0,0.0,0.0,0.0,0.0,0.0,0.0,0.0,0.0,0.0,0.0,1.0,0.5,0.0,0.0,0.5,0.0,0.0,0.0,0.0,1.0,0.0,0.0,0.0,0.0,0.0,0.2,0.0,0.0,0.0,0.0,0.0,0.0,0.0,0.0,0.0,0.0,0.0,0.0,0.5,0.0,0.0,33.718,8.694,0.0,0.0,0.0,1.019041820938546,0.7414676108660689,0.8401326490349916,1.1068411928870403,0.5112245030260794
85627,2024-07-07 19:00:00,0.0,0.0,0.0,0.0,0.0,0.0,0.0,0.0,0.0,0.0,0.0,0.0,0.0,0.0,0.0,0.0,0.0,0.0,0.0,0.0,0.0,1.0,0.0,0.0,0.0,0.0,0.0,0.0,0.0,0.0,0.0,0.0,0.0,0.0,0.0,0.0,0.0,0.0,0.0,0.0,0.0,0.0,0.0,0.0,0.0,0.0,0.0,0.0,0.0,0.0,0.0,0.0,0.0,0.0,0.0,0.0,0.0,0.0,1.0,0.0,0.0,0.0,0.0,0.4,0.0,0.0,0.0,0.0,0.0,0.0,0.0,0.0,0.0,0.0,1.0,0.0,0.0,0.0,0.0,6.847,8.687,0.0,0.0,0.0,1.0229991701220165,0.7398416087548298,0.8671497860410042,1.1016781466869503,0.5219446243596435
85628,2024-07-07 20:00:00,0.0,0.0,0.0,0.0,0.0,0.0,0.0,0.0,0.0,1.0,0.0,0.0,0.0,0.0,0.0,0.0,0.0,0.0,1.0,0.0,7.0,0.0,0.0,0.0,0.0,0.0,0.0,0.0,0.0,0.0,0.0,0.0,0.0,0.0,0.0,0.0,0.0,0.0,0.0,0.0,0.0,0.0,0.0,0.0,0.0,0.0,0.0,0.0,0.0,0.0,2.5,0.0,0.0,0.0,0.0,0.0,0.0,0.0,0.0,0.0,0.0,0.0,0.0,0.0,0.0,0.0,0.0,0.0,0.0,0.0,0.0,0.0,0.0,2.5,0.0,0.0,0.0,0.5,0.0,99.768,8.688,0.0,0.0,0.0,1.026984203646557,0.7382638665032459,0.8966137098513656,1.0957745168242785,0.5306928796297603
85629,2024-07-07 21:00:00,0.0,0.0,0.0,0.0,0.0,0.0,0.0,0.0,0.0,1.0,0.0,0.0,1.0,0.0,1.0,0.0,0.0,0.0,0.0,0.0,0.0,0.0,1.0,0.0,1.0,0.0,0.0,0.0,0.0,0.0,0.0,0.0,0.0,0.0,1.0,0.0,0.0,1.0,1.0,0.0,0.0,0.0,0.0,0.0,0.0,0.0,0.0,0.0,0.0,0.0,0.5,0.0,0.0,10.0,0.5,0.0,0.0,1.0,0.0,0.0,0.0,0.0,4.8,0.7,7.0,0.0,17.5,0.0,0.0,0.0,0.0,0.0,0.0,0.0,0.0,0.0,1.5,0.5,0.0,22.024,8.69,0.0,0.0,0.0,1.0309518423814064,0.7367559347179764,0.9286718410843164,1.0896124635698203,0.5376898218643253
85630,2024-07-07 22:00:00,0.0,0.0,0.0,1.0,2.0,1.0,2.0,0.0,0.0,0.0,0.0,9.0,0.0,0.0,0.0,0.0,1.0,0.0,0.0,0.0,0.0,0.0,0.0,0.0,0.0,0.0,0.0,0.0,0.0,0.0,0.0,0.0,0.0,0.0,1.0,0.0,6.0,1.0,0.0,0.0,0.0,0.0,9.0,11.0,0.0,0.0,0.0,0.0,0.0,0.0,0.0,1.0,0.0,0.0,0.0,0.0,0.0,0.0,0.0,0.0,0.0,0.0,6.1,0.0,0.1,0.0,0.0,0.7,0.0,0.0,0.0,0.0,0.0,0.0,0.0,0.0,0.0,0.0,0.0,44.712,8.686,0.0,0.0,0.0,1.0349431601286012,0.7353197900765895,0.9635270319485868,1.0834517052361246,0.5432409094184125
85631,2024-07-07 23:00:00,0.0,0.0,0.0,6.0,3.0,0.0,10.0,0.0,0.0,0.0,0.0,9.0,0.0,0.0,0.0,11.0,17.0,12.0,3.0,1.0,6.0,0.0,0.0,0.0,3.0,0.0,0.0,0.0,0.0,0.0,0.0,0.0,0.0,0.0,0.0,0.0,8.0,2.0,0.0,25.0,0.0,0.0,0.0,2.0,43.0,0.0,0.0,4.0,0.0,0.0,0.0,4.5,0.5,0.0,0.0,0.0,0.0,0.0,0.0,0.0,0.0,0.0,0.1,0.0,0.0,0.0,0.5,1.4,0.0,0.0,0.0,0.0,4.0,3.0,0.0,0.0,0.0,4.5,0.0,26.835,8.689,0.0,0.0,0.0,1.038893488477238,0.7339549183215066,1.0007134278979208,1.0774226983888704,0.5475893571305495
85632,2024-07-08 00:00:00,0.0,2.0,0.0,1.0,6.0,0.0,7.0,0.0,4.0,0.0,0.0,16.0,0.0,1.0,0.0,17.0,14.0,8.0,12.0,1.0,7.0,0.0,0.0,0.0,0.0,0.0,0.0,0.0,0.0,0.0,0.0,0.0,0.0,0.0,0.0,0.0,5.0,1.0,0.0,25.0,0.0,0.0,7.0,1.0,21.0,0.0,0.0,1.0,3.0,0.0,0.0,7.0,1.5,0.0,0.0,0.0,0.0,0.0,0.0,0.0,0.0,0.0,0.1,0.1,0.0,0.0,0.0,0.0,0.0,0.0,0.0,0.0,0.0,16.5,0.0,0.0,0.0,9.5,0.0,61.289,8.684,0.0,0.0,0.0,1.042808866112578,0.7326948988655646,1.0405691683750715,1.0715869113202388,0.5510392037465879
85633,2024-07-08 01:00:00,0.0,16.0,2.0,21.0,0.0,0.0,6.0,0.0,6.0,10.0,6.0,10.0,1.0,10.0,1.0,28.0,13.0,12.0,8.0,4.0,15.0,2.0,2.0,0.0,1.0,0.0,0.0,0.0,0.0,1.0,0.0,0.0,0.0,0.0,0.0,0.0,7.0,1.0,3.0,14.0,5.0,8.0,7.0,6.0,31.0,0.0,0.0,14.0,13.0,8.5,8.5,23.0,9.5,0.0,1.0,1.0,0.0,1.0,6.0,0.0,0.0,5.8,1.5,0.7,0.0,0.0,0.0,0.0,0.0,0.0,0.0,0.0,2.0,6.5,9.0,0.0,0.0,20.5,0.0,39.936,8.684,0.0,0.0,0.0,1.0467226093896451,0.7315152642973999,1.0823480951891329,1.065973859873877,0.5538317828342976
85634,2024-07-08 02:00:00,0.0,14.0,4.0,20.0,0.0,0.0,24.0,1.0,7.0,0.0,0.0,28.0,0.0,3.0,0.0,28.0,14.0,25.0,15.0,7.0,20.0,0.0,0.0,0.0,0.0,0.0,0.0,0.0,0.0,4.0,0.0,0.0,0.0,0.0,0.0,0.0,14.0,0.0,0.0,14.0,10.0,0.0,18.0,13.0,20.0,0.0,0.0,11.0,15.0,9.5,0.0,13.5,7.5,0.0,0.0,3.0,0.0,0.0,2.0,0.0,0.0,0.0,0.0,0.9,0.0,0.0,0.0,0.0,0.0,0.0,0.0,0.0,0.0,20.0,0.0,0.0,0.5,32.0,0.0,27.543,8.679,0.0,0.0,0.0,1.0505695818418808,0.7304004342194315,1.1254209350838238,1.060595633376889,0.5560525133193153
85635,2024-07-08 03:00:00,0.0,15.0,6.0,20.0,10.0,4.0,36.0,0.0,20.0,0.0,10.0,21.0,0.0,14.0,2.0,23.0,50.0,12.0,20.0,15.0,14.0,0.0,1.0,0.0,7.0,0.0,0.0,0.0,0.0,4.0,0.0,0.0,0.0,0.0,0.0,0.0,20.0,12.0,0.0,32.0,5.0,11.0,15.0,16.0,12.0,1.0,0.0,10.0,14.0,9.0,0.0,24.5,8.0,4.0,3.0,1.0,0.0,3.0,3.0,0.0,0.0,9.7,1.9,1.9,5.7,0.0,8.0,0.0,0.0,0.0,0.0,0.0,13.5,28.0,0.0,0.0,2.0,20.0,0.0,25.459,8.677,0.0,0.0,0.0,1.054295105361062,0.7293483757071684,1.169358211196311,1.05545298140788,0.5579147982465029
85636,2024-07-08 04:00:00,0.0,7.0,4.0,12.0,21.0,22.0,14.0,3.0,5.0,2.0,3.0,25.0,3.0,5.0,3.0,11.0,14.0,21.0,9.0,5.0,23.0,2.0,3.0,3.0,27.0,0.0,0.0,0.0,0.0,2.0,0.0,0.0,0.0,0.0,11.0,7.0,20.0,23.0,2.0,15.0,3.0,6.0,27.0,27.0,27.0,1.0,1.0,30.0,7.0,6.0,1.5,14.5,6.5,21.5,3.0,3.5,0.0,2.0,2.0,0.0,1.0,3.2,32.3,2.8,18.7,0.0,19.5,3.0,0.0,0.5,0.0,0.0,21.0,10.5,2.0,0.0,2.0,21.0,0.1414,32.372,8.681,0.0,0.0,0.0,1.058005911982745,0.7283626403520138,1.2137299074022394,1.050540588600585,0.5594117934835943
85637,2024-07-08 05:00:00,0.0,2.0,7.0,2.0,1.0,1.0,4.0,10.0,3.0,1.0,7.0,3.0,1.0,3.0,2.0,3.0,11.0,3.0,3.0,2.0,3.0,1.0,2.0,4.0,24.0,0.0,0.0,0.0,0.0,3.0,0.0,0.0,0.0,0.0,1.0,9.0,14.0,24.0,2.0,6.0,4.0,4.0,7.0,8.0,9.0,1.0,7.0,3.0,2.0,10.5,1.5,2.0,2.0,7.0,5.0,6.0,0.0,3.0,4.0,0.0,0.0,7.5,16.6,2.8,0.9,0.0,14.0,1.6,0.0,0.0,0.0,0.0,22.5,2.5,1.0,0.0,3.5,3.5,0.0,39.941,8.68,0.0,0.0,0.0,1.0615979245444365,0.7274368802869802,1.2573421436330818,1.0458539043486823,0.5607005562850231
85638,2024-07-08 06:00:00,0.0,19.0,15.0,22.0,12.0,8.0,17.0,7.0,11.0,10.0,13.0,9.0,9.0,14.0,9.0,17.0,8.0,18.0,17.0,12.0,20.0,9.0,12.0,0.0,7.0,0.0,0.0,1.0,3.0,10.0,0.0,0.0,0.0,0.0,3.0,2.0,5.0,3.0,8.0,15.0,12.0,12.0,4.0,3.0,17.0,10.0,0.0,18.0,10.0,14.0,9.5,23.0,8.0,1.5,11.5,2.0,0.0,12.0,9.0,0.0,1.0,13.0,2.0,9.8,2.0,0.0,2.0,4.5,0.0,1.0,0.5,0.0,7.0,18.0,8.0,0.0,13.0,19.5,0.2945,63.389,8.68,0.5,0.0,0.0,1.0651629279928887,0.7265738516112785,1.2996816777364444,1.0413786695796547,0.5618416104781154
85639,2024-07-08 07:00:00,0.0,1.0,1.0,2.0,20.0,35.0,4.0,2.0,2.0,1.0,1.0,22.0,1.0,1.0,1.0,9.0,13.0,5.0,4.0,1.0,9.0,1.0,1.0,4.0,5.0,0.0,1.0,0.0,0.0,1.0,1.0,1.0,1.0,1.0,7.0,4.0,19.0,6.0,1.0,10.0,2.0,1.0,38.0,27.0,7.0,1.0,3.0,1.0,2.0,2.5,0.5,3.0,1.0,4.0,0.5,1.0,1.0,2.0,2.0,0.0,1.0,0.9,4.3,1.4,21.6,0.0,4.5,4.1,0.5,0.5,0.0,0.5,6.5,4.0,1.0,0.5,1.5,9.0,0.2042,40.66,8.679,0.0,0.0,0.0,1.0661939548525368,0.7322183186897391,1.3470665426281414,1.0357158290348585,0.5611427818700383
85640,2024-07-08 08:00:00,1.0,3.0,3.0,3.0,10.0,2.0,3.0,6.0,4.0,3.0,3.0,9.0,3.0,8.0,4.0,13.0,16.0,13.0,5.0,4.0,5.0,4.0,5.0,0.0,6.0,1.0,1.0,0.0,0.0,3.0,0.0,0.0,0.0,0.0,6.0,2.0,17.0,29.0,3.0,13.0,3.0,6.0,4.0,7.0,13.0,3.0,1.0,7.0,3.0,3.0,3.5,2.5,3.5,6.0,4.0,2.5,0.5,4.0,3.0,0.0,0.0,3.5,2.8,4.3,2.1,0.0,11.0,0.5,0.0,0.5,0.0,0.0,6.5,6.0,3.0,0.0,4.0,9.5,0.0,18.574,8.68,1.0,0.0,0.0,1.0651504823162767,0.7306621672211877,1.387105362391594,1.0334032974361085,0.5593690897915451
85641,2024-07-08 09:00:00,0.0,7.0,15.0,6.0,1.0,1.0,3.0,16.0,3.0,3.0,10.0,2.0,6.0,1.0,2.0,1.0,2.0,2.0,4.0,1.0,3.0,3.0,1.0,1.0,10.0,0.0,1.0,1.0,1.0,2.0,1.0,0.0,1.0,0.0,1.0,1.0,1.0,4.0,2.0,1.0,2.0,9.0,1.0,1.0,2.0,5.0,1.0,2.0,3.0,14.5,4.0,3.0,3.0,0.5,8.5,13.0,0.5,2.0,2.0,1.0,1.0,11.3,1.7,1.7,0.8,0.0,1.0,1.0,0.0,1.5,0.5,0.0,15.5,3.5,2.0,0.5,1.5,2.5,0.4105,50.281,8.673,1.0,0.0,0.0,1.0716228940362402,0.729343281343029,1.4204525758207185,1.0305421160465569,0.5585775364640293
85642,2024-07-08 10:00:00,1.0,9.0,13.0,13.0,17.0,5.0,16.0,15.0,5.0,13.0,12.0,16.0,16.0,12.0,10.0,2.0,1.0,2.0,3.0,13.0,3.0,7.0,16.0,1.0,1.0,1.0,1.0,2.0,3.0,13.0,1.0,2.0,2.0,2.0,2.0,1.0,1.0,1.0,6.0,2.0,14.0,14.0,18.0,5.0,2.0,16.0,1.0,11.0,4.0,16.0,16.5,12.0,6.0,1.0,16.5,4.0,1.5,9.0,8.0,2.0,3.0,13.9,0.9,9.7,2.2,0.0,0.5,3.7,1.5,2.5,1.5,0.5,1.0,3.0,4.0,1.0,8.0,2.5,1.4907,40.717,8.67,1.5,0.0,0.0,1.0716488289233848,0.7408039453901516,1.465655543660915,1.0314982405628346,0.5551989588475594
85643,2024-07-08 11:00:00,0.0,3.0,8.0,11.0,7.0,4.0,16.0,8.0,7.0,10.0,7.0,6.0,5.0,3.0,8.0,14.0,14.0,13.0,5.0,4.0,6.0,8.0,5.0,2.0,4.0,0.0,1.0,0.0,4.0,5.0,1.0,1.0,0.0,0.0,2.0,2.0,13.0,5.0,10.0,19.0,8.0,1.0,4.0,5.0,8.0,7.0,1.0,5.0,6.0,17.0,7.5,4.0,2.5,2.5,7.5,4.0,1.0,10.0,9.0,0.0,2.0,8.8,3.6,7.7,4.1,0.0,3.5,7.9,0.5,1.5,0.5,0.5,5.0,5.0,11.0,1.0,9.5,10.0,0.6296,34.003,8.673,0.5,0.0,0.0,1.0651638334120257,0.7458885225650302,1.4987459787292323,1.0339762905037606,0.5539408619136372
85644,2024-07-08 12:00:00,2.0,6.0,11.0,3.0,3.0,4.0,9.0,1.0,5.0,1.0,11.0,7.0,1.0,5.0,7.0,14.0,6.0,10.0,7.0,8.0,8.0,2.0,8.0,4.0,6.0,1.0,6.0,2.0,6.0,7.0,2.0,2.0,5.0,1.0,7.0,6.0,6.0,4.0,5.0,16.0,8.0,9.0,8.0,6.0,9.0,1.0,4.0,8.0,7.0,2.0,1.0,8.0,4.5,7.5,10.5,0.5,4.5,8.0,6.0,4.0,9.0,18.0,5.6,8.6,6.6,0.0,5.0,5.6,0.5,9.5,1.0,0.5,4.0,6.5,3.0,0.5,8.5,13.0,2.9167,66.115,8.669,2.5,0.0,0.0,1.0668690138765609,0.7570550312771118,1.526559739816804,1.0330399169093305,0.5546860297983569
85645,2024-07-08 13:00:00,5.0,1.0,3.0,5.0,3.0,6.0,1.0,0.0,1.0,1.0,5.0,7.0,2.0,2.0,4.0,12.0,1.0,6.0,3.0,0.0,6.0,3.0,6.0,3.0,1.0,9.0,3.0,6.0,1.0,2.0,4.0,7.0,4.0,6.0,1.0,3.0,0.0,2.0,5.0,8.0,1.0,1.0,1.0,0.0,2.0,0.0,4.0,2.0,2.0,3.5,0.5,3.5,2.0,2.5,8.5,1.5,3.5,3.0,2.0,6.0,1.0,2.5,1.2,3.2,1.6,0.0,2.0,5.7,10.0,1.0,4.5,7.5,1.0,4.5,2.0,7.0,3.0,10.0,5.0961,118.625,8.706,5.0,0.0,0.0,1.0604796705258952,0.8020358721163756,1.6021912579818718,1.0312732265536946,0.5381805334521239
85646,2024-07-08 14:00:00,1.0,9.0,4.0,8.0,6.0,3.0,8.0,4.0,5.0,0.0,3.0,6.0,5.0,12.0,19.0,12.0,5.0,12.0,6.0,5.0,11.0,5.0,17.0,1.0,2.0,1.0,1.0,1.0,12.0,15.0,2.0,1.0,1.0,2.0,4.0,3.0,3.0,2.0,28.0,6.0,8.0,5.0,4.0,3.0,4.0,1.0,1.0,14.0,3.0,0.5,0.5,13.5,5.0,1.5,6.0,0.5,1.0,27.0,32.0,1.0,10.0,6.7,1.0,23.4,4.8,0.0,1.5,8.3,0.5,8.0,1.0,1.5,1.5,6.5,4.0,0.5,27.5,13.5,2.0169,33.119,8.73,0.0,0.0,0.0,1.047413413499001,0.8064648673016528,1.6771989404443275,1.032247500360571,0.5234069372738679
85647,2024-07-08 15:00:00,3.0,2.0,0.0,1.0,0.0,0.0,1.0,0.0,4.0,0.0,1.0,1.0,0.0,1.0,0.0,2.0,0.0,7.0,9.0,3.0,1.0,0.0,0.0,4.0,1.0,3.0,6.0,5.0,12.0,2.0,3.0,6.0,5.0,3.0,2.0,6.0,4.0,2.0,1.0,5.0,4.0,2.0,1.0,2.0,3.0,0.0,5.0,3.0,6.0,0.5,0.0,6.5,2.0,1.5,0.0,0.0,5.0,1.0,1.0,8.0,16.0,0.1,2.7,0.3,0.3,0.0,1.0,0.4,3.5,15.0,3.5,2.0,3.5,11.0,0.0,3.5,0.5,2.0,6.6173,87.628,8.729,0.0,0.0,0.0,1.0493170188693224,0.8591793385977464,1.7078220743012764,1.0403587986215346,0.5245482107561896
85648,2024-07-08 16:00:00,1.0,0.0,0.0,0.0,0.0,0.0,0.0,0.0,1.0,0.0,0.0,0.0,0.0,1.0,0.0,0.0,0.0,1.0,1.0,1.0,1.0,0.0,0.0,1.0,1.0,1.0,2.0,1.0,0.0,0.0,3.0,1.0,3.0,2.0,0.0,1.0,0.0,1.0,0.0,0.0,1.0,0.0,0.0,0.0,0.0,1.0,0.0,1.0,1.0,0.0,0.5,0.0,0.0,0.5,0.0,0.5,2.5,0.0,0.0,0.0,0.0,0.1,1.4,0.2,0.0,0.0,0.5,0.0,0.5,0.0,0.5,1.0,0.5,1.5,0.0,0.5,0.0,0.5,0.3468,93.89,8.726,0.0,0.0,0.0,1.0383949401466674,0.8732125601119822,1.7312011283958668,1.0446798593038435,0.544915332725199
85649,2024-07-08 17:00:00,0.0,0.0,1.0,0.0,1.0,0.0,0.0,1.0,0.0,0.0,0.0,0.0,1.0,0.0,0.0,0.0,0.0,0.0,1.0,0.0,0.0,1.0,0.0,0.0,1.0,0.0,0.0,0.0,0.0,1.0,0.0,0.0,0.0,0.0,1.0,1.0,0.0,2.0,0.0,0.0,0.0,0.0,1.0,0.0,0.0,0.0,1.0,0.0,0.0,0.5,0.5,0.0,0.5,1.5,0.5,0.5,0.0,0.0,0.0,0.0,0.0,0.5,2.1,0.4,0.6,0.0,1.5,0.2,0.0,0.5,0.0,0.0,1.0,0.0,1.0,0.5,0.5,0.0,0.0,57.327,8.726,0.0,0.0,0.0,1.0492124966703038,0.8800715509212154,1.7210577989440026,1.0708405758278992,0.5454842151525243
85650,2024-07-08 18:00:00,0.0,0.0,0.0,0.0,0.0,0.0,0.0,0.0,0.0,0.0,0.0,0.0,0.0,0.0,1.0,1.0,1.0,0.0,0.0,0.0,1.0,1.0,1.0,0.0,0.0,0.0,0.0,0.0,0.0,0.0,0.0,0.0,0.0,0.0,0.0,0.0,0.0,0.0,1.0,1.0,1.0,0.0,0.0,1.0,1.0,0.0,0.0,1.0,0.0,0.0,0.0,0.0,0.0,0.0,0.0,0.0,0.0,1.0,1.0,0.0,0.0,0.1,0.2,0.3,0.4,0.0,0.0,0.2,0.0,0.0,0.0,0.0,0.5,0.5,0.0,0.0,0.5,0.5,0.0,112.58,8.723,0.0,0.0,0.0,1.0562097138758109,0.8796392692146338,1.7010141672323016,1.0824037072896535,0.5916098002117511
85651,2024-07-08 19:00:00,0.0,0.0,0.0,0.0,0.0,0.0,0.0,0.0,0.0,0.0,0.0,0.0,0.0,0.0,0.0,0.0,0.0,0.0,0.0,1.0,0.0,0.0,0.0,0.0,0.0,0.0,0.0,0.0,0.0,0.0,0.0,0.0,0.0,0.0,0.0,0.0,0.0,1.0,0.0,0.0,0.0,0.0,0.0,0.0,0.0,0.0,0.0,0.0,1.0,0.0,0.0,0.0,0.0,0.5,0.0,0.0,0.5,0.0,0.0,1.0,1.0,0.0,0.6,0.2,0.1,0.0,0.5,0.0,0.5,0.0,0.5,0.5,0.5,0.5,0.0,0.0,0.0,0.5,0.5284,164.51,8.71,0.5,0.0,0.0,1.0607435925312867,0.876654293239918,1.685757020778965,1.0856530309184858,0.6079078027807787
85652,2024-07-08 20:00:00,0.0,0.0,0.0,0.0,0.0,0.0,0.0,0.0,0.0,0.0,0.0,0.0,0.0,0.0,0.0,0.0,0.0,0.0,0.0,0.0,0.0,0.0,0.0,0.0,0.0,0.0,0.0,0.0,0.0,0.0,1.0,0.0,0.0,0.0,0.0,0.0,0.0,0.0,0.0,0.0,0.0,0.0,0.0,0.0,0.0,0.0,0.0,0.0,0.0,0.0,0.0,0.0,0.0,0.0,0.0,0.0,0.0,0.0,0.0,0.0,0.0,0.0,0.0,0.0,0.0,0.0,0.0,0.0,0.0,0.0,0.0,0.0,0.0,0.0,0.0,0.0,0.0,0.0,0.0,120.269,8.705,0.0,0.0,0.0,1.0648833990169493,0.8726073914356469,1.6737135134817436,1.087168099122141,0.6249746795543825
85653,2024-07-08 21:00:00,0.0,0.0,0.0,0.0,0.0,0.0,0.0,2.0,0.0,0.0,0.0,0.0,0.0,1.0,1.0,0.0,0.0,0.0,1.0,0.0,0.0,0.0,0.0,1.0,0.0,0.0,0.0,0.0,0.0,1.0,0.0,0.0,0.0,0.0,1.0,0.0,0.0,0.0,0.0,0.0,0.0,0.0,0.0,0.0,0.0,0.0,0.0,0.0,0.0,0.0,0.0,0.0,0.0,0.0,0.0,0.0,0.0,1.0,1.0,0.0,0.0,0.0,0.0,0.8,0.0,0.0,0.0,0.0,0.0,0.0,0.0,0.0,0.0,0.0,0.0,0.0,0.5,0.0,0.0,78.806,8.705,0.0,0.0,0.0,1.0688684402145334,0.8676709847256436,1.6646531110405078,1.0865079348067967,0.6345796863023896
85654,2024-07-08 22:00:00,0.0,1.0,12.0,4.0,0.0,0.0,1.0,15.0,33.0,31.0,20.0,0.0,42.0,11.0,41.0,2.0,0.0,8.0,26.0,34.0,9.0,63.0,47.0,0.0,1.0,0.0,0.0,0.0,1.0,38.0,0.0,0.0,0.0,0.0,3.0,1.0,0.0,0.0,45.0,0.0,36.0,17.0,0.0,0.0,5.0,76.0,0.0,7.0,30.0,6.5,59.5,1.5,1.0,2.0,41.0,3.5,0.0,43.0,40.0,0.0,0.0,17.2,0.0,45.4,0.0,0.0,1.0,0.0,0.0,0.0,0.0,0.0,1.5,25.5,46.0,0.0,45.0,3.0,0.0,139.019,8.69,0.0,0.0,0.0,1.0727200625311504,0.8621663073205799,1.657845922986894,1.083950131125459,0.6417150115822707
85655,2024-07-08 23:00:00,3.0,15.0,4.0,2.0,0.0,0.0,0.0,3.0,20.0,16.0,6.0,1.0,4.0,45.0,22.0,25.0,16.0,28.0,35.0,36.0,34.0,18.0,25.0,7.0,9.0,3.0,7.0,15.0,1.0,24.0,11.0,2.0,5.0,22.0,1.0,6.0,2.0,3.0,20.0,29.0,41.0,37.0,1.0,1.0,34.0,10.0,6.0,38.0,37.0,1.0,21.0,11.0,5.5,3.5,5.0,0.0,7.0,26.0,20.0,1.0,4.0,14.5,8.9,28.1,0.0,0.0,5.0,0.0,2.5,5.5,0.0,1.5,15.0,38.5,24.0,1.0,26.0,31.0,0.8072,109.294,8.692,20.0,0.0,0.0,1.072734932889519,0.8767990888894328,1.8662818252568627,1.143863136415164,0.6655842748777712
85656,2024-07-09 00:00:00,5.0,0.0,0.0,0.0,0.0,0.0,0.0,0.0,0.0,0.0,0.0,1.0,0.0,1.0,1.0,1.0,3.0,2.0,1.0,1.0,1.0,0.0,0.0,0.0,5.0,12.0,2.0,13.0,2.0,0.0,8.0,6.0,3.0,27.0,0.0,0.0,2.0,4.0,0.0,2.0,0.0,1.0,0.0,1.0,1.0,0.0,1.0,1.0,1.0,0.0,0.5,0.5,0.0,0.0,0.0,0.0,4.0,0.0,0.0,3.0,6.0,0.2,5.3,0.2,0.0,0.0,0.0,0.0,11.5,4.5,1.0,45.5,3.0,1.5,0.0,8.0,0.5,2.0,2.2721,176.627,8.683,2.5,0.0,0.0,1.0643677551453852,0.9405734408027656,2.24188592290443,1.198199747973252,0.6221244735654832
85657,2024-07-09 01:00:00,13.0,0.0,0.0,0.0,0.0,0.0,0.0,0.0,0.0,2.0,0.0,0.0,0.0,0.0,0.0,0.0,1.0,0.0,0.0,0.0,0.0,0.0,0.0,0.0,1.0,35.0,2.0,11.0,0.0,0.0,18.0,21.0,2.0,24.0,0.0,0.0,0.0,1.0,0.0,0.0,0.0,0.0,1.0,0.0,0.0,1.0,0.0,0.0,0.0,0.0,0.0,0.0,0.0,0.0,0.0,0.0,2.5,0.0,0.0,10.0,0.0,0.0,0.1,0.0,0.0,0.0,0.0,0.0,32.0,0.0,2.0,6.0,0.0,0.0,1.0,7.0,0.0,0.0,3.4877,206.578,8.687,11.5,0.0,0.0,1.0936290447766377,1.1584374748166404,2.45914126759277,1.1172567773820896,0.7675976705802032
85658,2024-07-09 02:00:00,10.0,0.0,0.0,0.0,0.0,0.0,0.0,0.0,0.0,0.0,0.0,0.0,0.0,0.0,0.0,0.0,0.0,0.0,0.0,0.0,0.0,0.0,0.0,0.0,0.0,13.0,0.0,5.0,1.0,0.0,2.0,5.0,0.0,8.0,0.0,0.0,0.0,0.0,0.0,0.0,0.0,0.0,0.0,0.0,0.0,0.0,0.0,0.0,0.0,0.0,0.0,0.0,0.0,0.0,0.0,0.0,0.0,0.0,0.0,7.0,1.0,0.0,0.0,0.0,0.0,0.0,0.0,0.0,16.5,0.0,9.0,0.0,0.0,0.0,0.0,13.5,0.0,0.0,5.8396,92.173,8.673,1.0,0.0,0.0,1.0921891060809816,1.3780049227779043,2.4408322604395494,1.0795298217287748,0.8795336730841044
85659,2024-07-09 03:00:00,2.0,0.0,0.0,0.0,0.0,0.0,0.0,0.0,0.0,0.0,0.0,0.0,0.0,0.0,0.0,0.0,0.0,0.0,0.0,0.0,0.0,0.0,0.0,0.0,0.0,2.0,0.0,0.0,0.0,0.0,0.0,1.0,1.0,0.0,0.0,0.0,0.0,0.0,0.0,0.0,0.0,0.0,0.0,0.0,0.0,0.0,0.0,0.0,0.0,0.0,0.0,0.0,0.0,0.0,0.0,0.0,0.0,0.0,0.0,2.0,0.0,0.0,0.0,0.0,0.0,0.0,0.0,0.1,2.0,0.0,3.5,0.0,0.0,0.0,0.0,3.5,0.0,0.0,9.3579,152.626,8.677,0.0,0.0,0.0,1.093912870656956,1.478471247594122,2.2522559219488585,1.079528151781501,0.9170454733370157
85660,2024-07-09 04:00:00,1.0,0.0,0.0,0.0,0.0,1.0,0.0,0.0,0.0,0.0,0.0,0.0,0.0,0.0,0.0,0.0,0.0,0.0,0.0,0.0,0.0,0.0,0.0,0.0,0.0,2.0,0.0,0.0,0.0,0.0,0.0,1.0,0.0,1.0,0.0,0.0,0.0,0.0,0.0,0.0,0.0,0.0,0.0,0.0,0.0,0.0,0.0,0.0,0.0,0.0,0.0,0.0,0.0,0.0,0.0,0.0,0.0,0.0,0.0,0.0,0.0,0.0,0.0,0.0,0.0,0.0,0.0,0.0,1.0,0.0,3.0,0.0,0.0,0.0,0.0,3.0,0.0,0.0,4.9455,95.686,8.66,0.0,0.0,38.713,1.102901703042118,1.5306005098361553,2.096655605207161,1.1103601304520607,2.0498368944301006
85661,2024-07-09 05:00:00,0.0,0.0,0.0,0.0,0.0,0.0,0.0,0.0,0.0,0.0,0.0,0.0,0.0,0.0,0.0,0.0,0.0,0.0,0.0,0.0,0.0,0.0,0.0,0.0,0.0,0.0,0.0,0.0,0.0,0.0,0.0,0.0,0.0,0.0,0.0,0.0,0.0,0.0,0.0,0.0,0.0,0.0,0.0,0.0,0.0,0.0,0.0,0.0,0.0,0.5,0.0,0.5,0.5,0.0,0.0,0.0,0.0,0.0,0.0,0.0,0.0,0.0,0.0,0.0,0.0,0.0,0.0,0.0,0.5,0.0,0.0,0.0,0.0,0.0,0.0,0.0,0.0,0.0,8.2222,208.409,8.657,0.0,0.0,37.08,1.1030689140068084,1.506337194449081,1.9840968062534896,1.145287415468312,2.103152153873495
85662,2024-07-09 06:00:00,9.0,0.0,0.0,0.0,0.0,0.0,0.0,0.0,0.0,0.0,0.0,0.0,0.0,0.0,0.0,0.0,0.0,0.0,0.0,0.0,1.0,0.0,0.0,0.0,0.0,7.0,0.0,0.0,0.0,0.0,0.0,4.0,0.0,0.0,0.0,0.0,1.0,0.0,0.0,0.0,0.0,0.0,0.0,0.0,0.0,0.0,0.0,0.0,0.0,0.5,0.0,0.0,0.0,0.0,0.0,0.0,0.0,0.0,0.0,8.0,0.0,0.0,0.0,0.0,0.4,0.0,0.0,4.5,3.0,0.5,9.5,0.0,0.0,0.0,0.0,9.0,0.0,0.5,10.7285,175.172,8.652,0.0,0.0,36.662,1.1052014523040068,1.521235879327243,1.8970964868306053,1.160718866878609,1.9827593199438667
85663,2024-07-09 07:00:00,6.0,0.0,0.0,1.0,10.0,6.0,6.0,0.0,0.0,0.0,0.0,7.0,0.0,0.0,0.0,0.0,5.0,0.0,0.0,0.0,0.0,0.0,0.0,7.0,1.0,10.0,8.0,13.0,10.0,0.0,4.0,11.0,6.0,9.0,8.0,11.0,5.0,5.0,0.0,0.0,0.0,0.0,10.0,11.0,0.0,0.0,8.0,0.0,0.0,1.0,0.0,0.0,0.0,11.0,0.0,0.5,6.0,1.0,0.0,5.0,10.0,0.0,3.7,0.0,6.8,0.0,8.5,5.9,10.5,11.0,6.0,1.5,0.0,0.0,0.0,8.5,0.0,0.0,7.0835,249.874,8.652,5.5,0.0,36.244,1.096775207470749,1.6804335694635952,1.9473331913364404,1.1634910856224838,2.02294972659287
85664,2024-07-09 08:00:00,7.0,6.0,2.0,8.0,2.0,2.0,8.0,1.0,0.0,0.0,1.0,8.0,0.0,1.0,0.0,4.0,10.0,0.0,0.0,0.0,1.0,0.0,0.0,3.0,10.0,6.0,3.0,7.0,7.0,0.0,5.0,8.0,4.0,4.0,1.0,2.0,6.0,8.0,0.0,7.0,0.0,1.0,6.0,6.0,8.0,0.0,3.0,2.0,0.0,7.5,0.0,4.5,4.0,1.5,0.5,2.5,4.5,0.0,0.0,8.0,6.0,1.3,10.1,0.0,2.0,0.0,2.0,12.2,8.0,6.5,6.5,0.0,11.5,0.5,0.0,8.5,0.0,1.5,7.1416,686.757,8.623,7.5,0.0,35.826,1.0986183032197625,1.8138644478992203,2.017573442447599,1.1340957476474411,2.176876177156416
85665,2024-07-09 09:00:00,6.0,0.0,1.0,0.0,1.0,3.0,1.0,1.0,1.0,0.0,1.0,1.0,2.0,1.0,0.0,2.0,2.0,2.0,0.0,0.0,2.0,1.0,1.0,5.0,4.0,6.0,7.0,6.0,7.0,1.0,5.0,6.0,5.0,8.0,11.0,10.0,2.0,4.0,1.0,2.0,1.0,1.0,1.0,1.0,5.0,1.0,5.0,1.0,0.0,0.5,0.5,3.0,1.5,12.0,2.0,1.0,6.0,0.0,0.0,5.0,7.0,0.7,11.1,0.5,5.0,0.0,6.5,9.8,6.0,6.0,5.5,2.5,4.0,0.0,0.0,6.0,0.5,1.5,7.2403,702.354,8.721,6.0,0.0,35.383,1.1029162664787453,1.8929606061841755,2.0626663110606387,1.1281074495603205,2.190237400657068
85666,2024-07-09 10:00:00,4.0,0.0,0.0,0.0,0.0,0.0,0.0,1.0,0.0,0.0,0.0,0.0,0.0,0.0,0.0,0.0,0.0,0.0,0.0,1.0,0.0,0.0,0.0,3.0,1.0,6.0,4.0,3.0,2.0,0.0,4.0,3.0,6.0,6.0,1.0,2.0,0.0,1.0,0.0,0.0,0.0,0.0,0.0,1.0,0.0,0.0,4.0,0.0,0.0,0.5,0.0,0.0,0.0,1.0,0.0,0.0,5.0,0.0,1.0,3.0,1.0,0.2,2.7,0.2,0.6,0.0,1.5,0.7,6.0,1.5,4.0,5.5,1.5,0.0,1.0,6.5,0.5,0.0,4.2981,630.693,8.684,4.5,0.0,36.662,1.1062432060785152,1.8608398206870904,2.1153456905017265,1.117930320252298,2.260368404540202
85667,2024-07-09 11:00:00,0.0,1.0,1.0,1.0,2.0,5.0,1.0,0.0,0.0,0.0,0.0,1.0,0.0,0.0,0.0,0.0,1.0,0.0,0.0,0.0,0.0,0.0,0.0,2.0,1.0,2.0,2.0,3.0,5.0,0.0,1.0,1.0,2.0,1.0,3.0,2.0,1.0,1.0,0.0,1.0,0.0,1.0,1.0,0.0,0.0,0.0,2.0,0.0,0.0,0.5,0.0,0.5,0.5,1.5,0.0,1.0,2.5,0.0,0.0,3.0,2.0,0.2,0.3,0.0,2.5,0.0,0.5,6.4,2.0,4.5,1.0,0.5,0.5,0.0,0.0,3.0,0.0,0.5,1.3916,623.158,8.655,3.5,0.0,37.498,1.1079222214645998,1.7679427888901955,2.060230826278996,1.1061130712059892,2.2767128848843328
85668,2024-07-09 12:00:00,3.0,2.0,2.0,2.0,8.0,14.0,4.0,2.0,1.0,1.0,2.0,5.0,2.0,1.0,2.0,2.0,5.0,2.0,1.0,1.0,2.0,1.0,2.0,2.0,1.0,5.0,1.0,1.0,2.0,1.0,3.0,1.0,1.0,1.0,5.0,3.0,7.0,3.0,1.0,2.0,1.0,1.0,9.0,11.0,4.0,1.0,2.0,2.0,1.0,2.5,1.5,2.0,1.5,4.5,2.0,2.0,1.0,1.0,0.0,1.0,3.0,1.9,1.8,1.3,4.4,0.0,4.0,6.1,5.0,2.5,4.0,5.0,1.5,1.0,0.0,7.5,1.0,2.0,3.4259,673.865,8.647,1.0,0.0,37.498,1.1133549971700702,1.6499029326821812,1.969403188089359,1.131193671526355,2.1332334655436966
85669,2024-07-09 13:00:00,0.0,2.0,2.0,2.0,4.0,3.0,3.0,1.0,2.0,1.0,1.0,3.0,1.0,2.0,1.0,4.0,4.0,4.0,3.0,2.0,3.0,1.0,1.0,1.0,2.0,0.0,0.0,0.0,3.0,2.0,0.0,0.0,1.0,0.0,1.0,1.0,5.0,2.0,1.0,5.0,2.0,2.0,3.0,4.0,4.0,1.0,1.0,4.0,2.0,2.0,1.0,2.0,2.0,1.0,2.0,2.0,0.0,2.0,2.0,0.0,0.0,1.9,2.7,1.7,2.2,0.0,1.5,3.9,0.0,0.5,0.0,4.0,1.0,3.0,2.0,0.5,1.5,4.0,0.8042,713.561,8.622,0.0,0.0,18.122,1.113486497790154,1.5401203175694531,1.8916903900848752,1.151389319309402,1.9120070119660326
85670,2024-07-09 14:00:00,7.0,0.0,0.0,1.0,2.0,2.0,0.0,1.0,1.0,1.0,1.0,1.0,1.0,1.0,1.0,2.0,2.0,2.0,1.0,0.0,1.0,1.0,1.0,3.0,3.0,9.0,6.0,7.0,7.0,1.0,2.0,5.0,6.0,3.0,6.0,5.0,3.0,4.0,1.0,2.0,1.0,1.0,2.0,2.0,2.0,1.0,3.0,1.0,0.0,1.0,1.0,1.5,1.0,7.0,1.0,0.5,6.5,1.0,1.0,6.0,9.0,1.1,2.4,0.7,3.8,0.0,5.0,3.6,7.5,8.0,5.5,3.5,2.0,0.5,1.0,9.0,1.0,1.5,5.6431,761.436,8.59,6.0,0.0,23.335,1.1143396021163383,1.5488036853509255,1.8620879884098256,1.1560955798977552,1.8877957267218335
85671,2024-07-09 15:00:00,4.0,0.0,1.0,0.0,0.0,1.0,1.0,1.0,0.0,2.0,0.0,0.0,1.0,0.0,0.0,0.0,0.0,0.0,0.0,1.0,0.0,1.0,1.0,1.0,1.0,3.0,1.0,2.0,3.0,0.0,1.0,4.0,2.0,2.0,1.0,1.0,0.0,1.0,1.0,0.0,1.0,0.0,1.0,1.0,0.0,1.0,1.0,0.0,1.0,0.5,1.0,0.5,0.5,1.0,1.0,0.5,2.0,1.0,1.0,2.0,3.0,0.5,1.0,0.5,0.8,0.5,1.0,0.0,3.0,3.0,7.0,4.0,1.0,1.0,1.0,3.5,0.5,0.0,3.5997,622.451,8.561,1.5,0.0,23.634,1.1048820235016912,1.5601788701461317,1.8509656296670016,1.1226529842772814,1.906278807963787
85672,2024-07-09 16:00:00,4.0,0.0,0.0,0.0,1.0,1.0,0.0,0.0,0.0,0.0,0.0,1.0,0.0,1.0,1.0,0.0,0.0,0.0,1.0,0.0,0.0,1.0,0.0,0.0,0.0,4.0,1.0,5.0,0.0,1.0,0.0,5.0,2.0,1.0,0.0,0.0,0.0,1.0,1.0,0.0,0.0,1.0,0.0,0.0,0.0,0.0,0.0,1.0,0.0,0.0,0.5,0.5,0.0,0.0,0.0,0.0,1.5,0.0,0.0,9.0,1.0,0.0,0.0,0.7,0.3,0.0,0.5,0.2,4.0,1.0,6.5,1.0,0.0,0.5,0.0,5.5,0.5,0.0,4.5544,647.093,8.544,2.0,0.0,24.484,1.1024402922422514,1.6178831345171218,1.8243580168475544,1.1339024246831562,1.8311361911140693
85673,2024-07-09 17:00:00,1.0,0.0,0.0,0.0,0.0,0.0,0.0,1.0,0.0,0.0,0.0,0.0,1.0,0.0,0.0,0.0,0.0,0.0,0.0,0.0,0.0,0.0,0.0,2.0,1.0,1.0,2.0,0.0,1.0,0.0,0.0,1.0,0.0,1.0,1.0,4.0,0.0,2.0,0.0,0.0,0.0,0.0,1.0,1.0,0.0,1.0,2.0,0.0,0.0,0.0,1.0,0.0,0.0,2.5,0.5,0.5,1.0,0.0,0.0,0.0,0.0,0.1,1.5,0.0,0.5,0.0,2.5,0.1,1.5,0.0,2.0,1.0,0.5,0.0,0.0,2.0,0.0,0.5,2.5338,607.931,8.511,0.5,0.0,24.484,1.094430325366794,1.5658095406579875,1.7969400737162289,1.1436517704296527,1.7356054928616231
85674,2024-07-09 18:00:00,4.0,1.0,0.0,0.0,1.0,2.0,0.0,0.0,0.0,0.0,0.0,0.0,0.0,0.0,0.0,0.0,1.0,0.0,0.0,0.0,1.0,0.0,0.0,1.0,0.0,3.0,2.0,5.0,1.0,0.0,1.0,5.0,3.0,3.0,3.0,1.0,1.0,0.0,0.0,1.0,0.0,0.0,1.0,1.0,0.0,0.0,1.0,0.0,0.0,0.0,0.0,0.5,0.5,2.0,0.0,0.0,3.0,1.0,1.0,5.0,2.0,0.0,0.1,0.2,2.1,0.5,1.5,0.0,3.5,2.0,5.5,1.0,0.0,0.0,1.0,5.5,0.0,0.0,6.7227,634.836,8.506,3.5,0.0,24.768,1.0993638468216886,1.6029289098204558,1.7976687059077108,1.1575960047512537,1.6599575412949648
85675,2024-07-09 19:00:00,0.0,0.0,0.0,0.0,0.0,1.0,0.0,0.0,0.0,0.0,0.0,1.0,0.0,0.0,0.0,1.0,0.0,0.0,0.0,0.0,0.0,0.0,0.0,1.0,1.0,2.0,1.0,1.0,1.0,0.0,2.0,1.0,1.0,2.0,0.0,0.0,0.0,1.0,0.0,0.0,0.0,0.0,0.0,0.0,0.0,0.0,1.0,0.0,0.0,0.0,0.0,0.0,0.0,0.0,0.0,0.0,0.5,0.0,0.0,1.0,0.0,0.0,0.9,0.0,1.0,0.0,0.5,0.0,1.5,0.5,1.0,3.5,0.5,0.0,0.0,1.5,0.5,0.0,3.1918,663.431,8.575,1.0,0.0,25.591,1.0868757229328985,1.5338979294310562,1.8027722769402883,1.1496969264261114,1.6309135830954062
85676,2024-07-09 20:00:00,3.0,0.0,0.0,1.0,1.0,1.0,0.0,0.0,0.0,0.0,0.0,0.0,0.0,0.0,0.0,0.0,0.0,1.0,0.0,0.0,0.0,0.0,0.0,1.0,1.0,4.0,1.0,2.0,2.0,0.0,1.0,3.0,1.0,3.0,5.0,3.0,1.0,1.0,0.0,0.0,0.0,0.0,1.0,1.0,1.0,0.0,1.0,0.0,0.0,0.5,0.0,0.0,0.5,3.0,0.0,0.0,1.0,0.0,0.0,2.0,2.0,0.0,0.7,0.0,1.2,0.5,2.0,0.0,2.5,2.5,4.5,2.5,0.5,0.5,0.0,5.0,0.0,0.5,4.1399,663.976,8.632,1.5,0.0,26.131,1.0956908989968015,1.5237307356883178,1.8102270282034283,1.1668847600629633,1.589214466547844
85677,2024-07-09 21:00:00,12.0,0.0,0.0,0.0,2.0,2.0,3.0,1.0,1.0,1.0,0.0,2.0,0.0,0.0,1.0,1.0,2.0,1.0,1.0,1.0,1.0,0.0,1.0,3.0,2.0,1.0,9.0,8.0,4.0,0.0,1.0,10.0,6.0,0.0,3.0,1.0,2.0,1.0,0.0,2.0,1.0,0.0,2.0,2.0,1.0,0.0,4.0,1.0,1.0,0.0,0.0,0.5,0.0,3.0,0.0,0.5,9.5,0.0,0.0,11.0,4.0,0.1,2.2,0.3,1.8,1.0,1.5,0.0,1.5,3.5,5.0,2.0,1.5,0.5,0.0,1.0,0.0,1.0,3.4672,780.878,8.598,9.5,0.0,19.754,1.0904894195156167,1.6546589796169895,1.791942018187882,1.1495124731590511,1.5475129493602964
85678,2024-07-09 22:00:00,0.0,1.0,1.0,1.0,2.0,2.0,1.0,0.0,1.0,0.0,1.0,2.0,1.0,2.0,0.0,2.0,2.0,0.0,1.0,1.0,1.0,1.0,0.0,2.0,1.0,4.0,2.0,1.0,1.0,1.0,5.0,0.0,3.0,4.0,1.0,1.0,2.0,2.0,0.0,1.0,1.0,2.0,2.0,4.0,2.0,0.0,3.0,2.0,1.0,1.0,0.0,1.0,1.5,1.0,1.0,0.0,1.5,1.0,0.0,0.0,1.0,0.8,1.5,0.5,3.5,2.0,1.5,0.0,4.5,1.0,0.0,1.0,1.0,1.0,0.0,2.5,1.0,1.0,0.6061,842.014,8.57,1.5,0.0,19.754,1.0746835943714714,1.6075740699648478,1.7992925122236727,1.1396646498627518,1.5586947610833732
85679,2024-07-09 23:00:00,2.0,2.0,2.0,4.0,3.0,3.0,3.0,2.0,2.0,0.0,2.0,3.0,1.0,1.0,1.0,1.0,2.0,2.0,0.0,1.0,2.0,0.0,1.0,1.0,0.0,2.0,1.0,2.0,3.0,1.0,1.0,2.0,1.0,1.0,2.0,1.0,2.0,1.0,1.0,2.0,2.0,1.0,3.0,3.0,3.0,2.0,1.0,1.0,0.0,3.5,0.5,1.0,1.5,2.0,2.0,4.0,1.5,1.0,2.0,2.0,4.0,1.9,0.6,0.6,2.4,1.5,1.5,0.0,2.0,3.5,2.0,0.5,0.5,1.0,1.0,2.0,1.0,1.5,1.977,758.56,8.539,1.5,0.0,19.754,1.0896770590505973,1.6013467963794523,1.8028781519522,1.1379988281177882,1.5897972680704697
85680,2024-07-10 00:00:00,1.0,7.0,5.0,6.0,6.0,5.0,13.0,8.0,2.0,4.0,4.0,6.0,5.0,3.0,3.0,4.0,3.0,2.0,2.0,2.0,3.0,3.0,4.0,2.0,3.0,1.0,2.0,1.0,2.0,2.0,3.0,1.0,2.0,3.0,3.0,2.0,4.0,3.0,3.0,4.0,2.0,4.0,5.0,5.0,2.0,4.0,2.0,4.0,2.0,8.0,4.5,1.0,1.5,3.0,5.0,9.5,2.5,2.0,3.0,1.0,2.0,4.6,3.2,2.7,3.6,3.5,3.0,0.0,1.5,2.0,0.5,3.5,2.5,1.5,2.0,1.5,2.5,3.0,0.4616,747.056,8.505,0.5,0.0,19.953,1.084095963413617,1.5425109724886354,1.802588029254025,1.151632714124558,1.5467133515805216
85681,2024-07-10 01:00:00,2.0,7.0,10.0,7.0,7.0,5.0,6.0,7.0,5.0,6.0,10.0,7.0,7.0,6.0,6.0,6.0,5.0,5.0,6.0,6.0,5.0,7.0,7.0,3.0,6.0,3.0,4.0,3.0,5.0,7.0,4.0,3.0,4.0,3.0,5.0,4.0,7.0,5.0,6.0,5.0,6.0,8.0,8.0,6.0,6.0,7.0,3.0,6.0,5.0,6.0,6.0,2.0,2.0,5.5,7.5,4.5,4.0,6.0,6.0,3.0,4.0,7.7,5.0,5.7,5.8,6.0,4.0,0.0,2.5,4.5,2.0,2.0,6.0,5.0,6.0,2.5,5.5,4.5,1.5047,720.788,8.57,2.5,0.0,19.953,1.088560830715549,1.5222783437215526,1.8186220718049528,1.1388296914071925,1.5527408045901865
85682,2024-07-10 02:00:00,1.0,8.0,21.0,25.0,14.0,9.0,30.0,23.0,3.0,3.0,12.0,13.0,9.0,6.0,4.0,5.0,5.0,6.0,5.0,5.0,6.0,7.0,8.0,4.0,6.0,5.0,3.0,4.0,6.0,4.0,4.0,2.0,4.0,3.0,4.0,5.0,5.0,5.0,3.0,6.0,4.0,6.0,6.0,5.0,5.0,6.0,5.0,6.0,5.0,32.0,5.0,1.5,2.0,4.0,12.0,24.0,3.0,4.0,5.0,2.0,4.0,15.4,5.6,4.1,5.6,5.5,5.5,0.0,5.0,4.0,1.5,3.0,6.5,5.0,3.0,4.0,4.0,4.5,1.8411,695.158,5.104,3.5,0.0,19.953,1.0770338782980744,1.485511369564918,1.8317094995294667,1.126610125495283,1.611584553255497
